mean_fit_time,std_fit_time,mean_score_time,std_score_time,param_colsample_bytree,param_learning_rate,param_max_depth,param_n_estimators,param_subsample,params,split0_test_score,split1_test_score,split2_test_score,split3_test_score,split4_test_score,split5_test_score,split6_test_score,split7_test_score,split8_test_score,split9_test_score,mean_test_score,std_test_score,rank_test_score
0.13577747344970703,0.02424006330560343,0.010584330558776856,0.0020681162541678006,0.8,0.01,3,100,0.8,"{'colsample_bytree': 0.8, 'learning_rate': 0.01, 'max_depth': 3, 'n_estimators': 100, 'subsample': 0.8}",0.6,0.6,0.2857142857142857,0.4444444444444444,0.36363636363636365,0.5714285714285714,0.5714285714285714,0.0,0.25,1.0,0.4686652236652236,0.2550461189619414,27
0.13625874519348144,0.026798252911796376,0.011207032203674316,0.0021737391834119654,0.8,0.01,3,100,0.9,"{'colsample_bytree': 0.8, 'learning_rate': 0.01, 'max_depth': 3, 'n_estimators': 100, 'subsample': 0.9}",0.5454545454545454,0.4444444444444444,0.2857142857142857,0.4444444444444444,0.36363636363636365,0.75,0.3333333333333333,0.0,0.5,1.0,0.46670274170274173,0.2553317582194857,28
0.43466408252716066,0.0979464111023421,0.013386893272399902,0.002059442684049745,0.8,0.01,3,300,0.8,"{'colsample_bytree': 0.8, 'learning_rate': 0.01, 'max_depth': 3, 'n_estimators': 300, 'subsample': 0.8}",0.8,0.5,0.2857142857142857,0.5,0.6,0.75,0.5,0.0,0.2857142857142857,1.0,0.5221428571428571,0.27375786262122004,2
0.3802065134048462,0.10507053063972746,0.010751128196716309,0.0025718763847379623,0.8,0.01,3,300,0.9,"{'colsample_bytree': 0.8, 'learning_rate': 0.01, 'max_depth': 3, 'n_estimators': 300, 'subsample': 0.9}",0.6,0.5,0.2857142857142857,0.5,0.6,0.5714285714285714,0.5,0.0,0.2857142857142857,1.0,0.48428571428571426,0.24788493051315202,15
0.21079559326171876,0.02120663868716063,0.013709807395935058,0.0017243365326391376,0.8,0.01,4,100,0.8,"{'colsample_bytree': 0.8, 'learning_rate': 0.01, 'max_depth': 4, 'n_estimators': 100, 'subsample': 0.8}",0.6666666666666666,0.4444444444444444,0.2857142857142857,0.4444444444444444,0.36363636363636365,0.75,0.5714285714285714,0.0,0.2857142857142857,1.0,0.4812049062049062,0.26616759355879616,16
0.16993651390075684,0.029025220445682346,0.011650967597961425,0.002008116666864682,0.8,0.01,4,100,0.9,"{'colsample_bytree': 0.8, 'learning_rate': 0.01, 'max_depth': 4, 'n_estimators': 100, 'subsample': 0.9}",0.6,0.4444444444444444,0.2857142857142857,0.4444444444444444,0.36363636363636365,0.8888888888888888,0.5,0.0,0.3333333333333333,1.0,0.486046176046176,0.2752728649585888,13
0.48601977825164794,0.15228860991584195,0.009760522842407226,0.0013482902119724834,0.8,0.01,4,300,0.8,"{'colsample_bytree': 0.8, 'learning_rate': 0.01, 'max_depth': 4, 'n_estimators': 300, 'subsample': 0.8}",0.8,0.5,0.2857142857142857,0.5,0.4,0.75,0.5,0.0,0.3333333333333333,1.0,0.5069047619047619,0.2712414768716433,5
0.43732917308807373,0.0657758799912828,0.009696269035339355,0.0008997855924757689,0.8,0.01,4,300,0.9,"{'colsample_bytree': 0.8, 'learning_rate': 0.01, 'max_depth': 4, 'n_estimators': 300, 'subsample': 0.9}",0.6666666666666666,0.5,0.2857142857142857,0.5,0.4,0.75,0.5,0.0,0.3333333333333333,1.0,0.4935714285714285,0.25953047173624366,8
0.21930983066558837,0.022410441912104135,0.012525486946105956,0.002249911544345292,0.8,0.01,6,100,0.8,"{'colsample_bytree': 0.8, 'learning_rate': 0.01, 'max_depth': 6, 'n_estimators': 100, 'subsample': 0.8}",0.6666666666666666,0.4444444444444444,0.2857142857142857,0.4444444444444444,0.36363636363636365,0.5714285714285714,0.5714285714285714,0.0,0.2857142857142857,1.0,0.4633477633477634,0.2532099149750419,30
0.21734085083007812,0.03740624627234965,0.011486101150512695,0.0018940264386495768,0.8,0.01,6,100,0.9,"{'colsample_bytree': 0.8, 'learning_rate': 0.01, 'max_depth': 6, 'n_estimators': 100, 'subsample': 0.9}",0.6,0.4444444444444444,0.0,0.4444444444444444,0.36363636363636365,0.75,0.2857142857142857,0.0,0.3333333333333333,1.0,0.42215728715728706,0.29332049818007483,65
0.601247239112854,0.12049707226329176,0.013466739654541015,0.006847580778158916,0.8,0.01,6,300,0.8,"{'colsample_bytree': 0.8, 'learning_rate': 0.01, 'max_depth': 6, 'n_estimators': 300, 'subsample': 0.8}",0.6666666666666666,0.5,0.0,0.2857142857142857,0.36363636363636365,0.75,0.2857142857142857,0.0,0.3333333333333333,0.8,0.39850649350649353,0.2674842075652828,71
0.582701563835144,0.059268655478834094,0.011040067672729493,0.0022915078797262826,0.8,0.01,6,300,0.9,"{'colsample_bytree': 0.8, 'learning_rate': 0.01, 'max_depth': 6, 'n_estimators': 300, 'subsample': 0.9}",0.6666666666666666,0.4444444444444444,0.0,0.4444444444444444,0.4,0.75,0.2857142857142857,0.0,0.3333333333333333,1.0,0.43246031746031743,0.29741060425496874,54
0.13992841243743898,0.05313535938235918,0.009168171882629394,0.0022426482792188137,0.8,0.05,3,100,0.8,"{'colsample_bytree': 0.8, 'learning_rate': 0.05, 'max_depth': 3, 'n_estimators': 100, 'subsample': 0.8}",0.6666666666666666,0.5,0.2857142857142857,0.2857142857142857,0.6,0.6666666666666666,0.5,0.0,0.3333333333333333,0.8,0.46380952380952384,0.2262902035790053,29
0.11468307971954346,0.010894125778745033,0.009046101570129394,0.0009575378267913088,0.8,0.05,3,100,0.9,"{'colsample_bytree': 0.8, 'learning_rate': 0.05, 'max_depth': 3, 'n_estimators': 100, 'subsample': 0.9}",0.6666666666666666,0.6666666666666666,0.2857142857142857,0.2857142857142857,0.6,0.75,0.5,0.0,0.3333333333333333,1.0,0.5088095238095238,0.2732936133409826,4
0.34656949043273927,0.03738844414958429,0.010957002639770508,0.003002751742449442,0.8,0.05,3,300,0.8,"{'colsample_bytree': 0.8, 'learning_rate': 0.05, 'max_depth': 3, 'n_estimators': 300, 'subsample': 0.8}",0.6666666666666666,0.6666666666666666,0.0,0.2857142857142857,0.6,0.6666666666666666,0.3333333333333333,0.0,0.3333333333333333,0.8,0.4352380952380953,0.27255572148680485,49
0.34695651531219485,0.05307402601971264,0.010612249374389648,0.0020911270063811303,0.8,0.05,3,300,0.9,"{'colsample_bytree': 0.8, 'learning_rate': 0.05, 'max_depth': 3, 'n_estimators': 300, 'subsample': 0.9}",0.6666666666666666,0.6666666666666666,0.2857142857142857,0.2857142857142857,0.6,0.75,0.3333333333333333,0.0,0.5714285714285714,0.8,0.49595238095238087,0.24343546919953776,7
0.14425177574157716,0.03585356310797343,0.009096360206604004,0.0022128547724214074,0.8,0.05,4,100,0.8,"{'colsample_bytree': 0.8, 'learning_rate': 0.05, 'max_depth': 4, 'n_estimators': 100, 'subsample': 0.8}",0.6666666666666666,0.6666666666666666,0.0,0.2857142857142857,0.5454545454545454,0.6666666666666666,0.5,0.0,0.3333333333333333,0.5,0.41645021645021646,0.2427529466038203,67
0.15325758457183838,0.01661266531250543,0.010269641876220703,0.0029121229851570203,0.8,0.05,4,100,0.9,"{'colsample_bytree': 0.8, 'learning_rate': 0.05, 'max_depth': 4, 'n_estimators': 100, 'subsample': 0.9}",0.6666666666666666,0.6666666666666666,0.0,0.2857142857142857,0.6,0.75,0.2857142857142857,0.0,0.3333333333333333,1.0,0.4588095238095239,0.3131618614613263,35
0.4374843597412109,0.09916223367409531,0.011045575141906738,0.002213251397430446,0.8,0.05,4,300,0.8,"{'colsample_bytree': 0.8, 'learning_rate': 0.05, 'max_depth': 4, 'n_estimators': 300, 'subsample': 0.8}",0.6666666666666666,0.6666666666666666,0.0,0.2857142857142857,0.6,0.6,0.3333333333333333,0.0,0.3333333333333333,0.5,0.3985714285714286,0.23961467556008367,69
0.49091806411743166,0.10301934193971776,0.0109527587890625,0.0027958127180850514,0.8,0.05,4,300,0.9,"{'colsample_bytree': 0.8, 'learning_rate': 0.05, 'max_depth': 4, 'n_estimators': 300, 'subsample': 0.9}",0.6666666666666666,0.6666666666666666,0.0,0.3333333333333333,0.6,0.6666666666666666,0.3333333333333333,0.0,0.5714285714285714,0.5,0.43380952380952376,0.24701804353568899,50
0.18963949680328368,0.01585116759445731,0.010497474670410156,0.002076711626064988,0.8,0.05,6,100,0.8,"{'colsample_bytree': 0.8, 'learning_rate': 0.05, 'max_depth': 6, 'n_estimators': 100, 'subsample': 0.8}",0.6666666666666666,0.6666666666666666,0.0,0.2857142857142857,0.4,0.6666666666666666,0.5,0.0,0.3333333333333333,0.8,0.43190476190476196,0.2665820443963881,55
0.21458127498626708,0.05609599505541744,0.010693216323852539,0.003707280652320886,0.8,0.05,6,100,0.9,"{'colsample_bytree': 0.8, 'learning_rate': 0.05, 'max_depth': 6, 'n_estimators': 100, 'subsample': 0.9}",0.6666666666666666,0.5,0.0,0.25,0.5,0.75,0.2857142857142857,0.0,0.2857142857142857,1.0,0.42380952380952375,0.30603343376996245,62
0.4839854955673218,0.07501170670036444,0.011826348304748536,0.004103703389810543,0.8,0.05,6,300,0.8,"{'colsample_bytree': 0.8, 'learning_rate': 0.05, 'max_depth': 6, 'n_estimators': 300, 'subsample': 0.8}",0.6666666666666666,0.6666666666666666,0.0,0.2857142857142857,0.6,0.6,0.3333333333333333,0.0,0.3333333333333333,0.8,0.42857142857142855,0.2675834580639813,59
0.767670464515686,0.18432985352619874,0.014157629013061524,0.006832818636718045,0.8,0.05,6,300,0.9,"{'colsample_bytree': 0.8, 'learning_rate': 0.05, 'max_depth': 6, 'n_estimators': 300, 'subsample': 0.9}",0.6666666666666666,0.6666666666666666,0.0,0.2857142857142857,0.6,0.6,0.3333333333333333,0.0,0.2857142857142857,0.5,0.3938095238095238,0.24133087156259347,72
0.14601600170135498,0.03373286005430345,0.013283038139343261,0.003879401758227323,0.8,0.1,3,100,0.8,"{'colsample_bytree': 0.8, 'learning_rate': 0.1, 'max_depth': 3, 'n_estimators': 100, 'subsample': 0.8}",0.6666666666666666,0.5,0.2857142857142857,0.2857142857142857,0.6,0.75,0.5714285714285714,0.0,0.3333333333333333,0.8,0.47928571428571426,0.2367917892873883,18
0.15172724723815917,0.03136631510124761,0.012436723709106446,0.0025517932996452055,0.8,0.1,3,100,0.9,"{'colsample_bytree': 0.8, 'learning_rate': 0.1, 'max_depth': 3, 'n_estimators': 100, 'subsample': 0.9}",0.6666666666666666,0.6666666666666666,0.2857142857142857,0.5,0.6,0.75,0.3333333333333333,0.0,0.5714285714285714,0.8,0.5173809523809523,0.2332022226394743,3
0.45061583518981935,0.09105787555627344,0.015367436408996581,0.007564366359192694,0.8,0.1,3,300,0.8,"{'colsample_bytree': 0.8, 'learning_rate': 0.1, 'max_depth': 3, 'n_estimators': 300, 'subsample': 0.8}",0.6666666666666666,0.6666666666666666,0.2857142857142857,0.3333333333333333,0.6,0.6,0.3333333333333333,0.0,0.75,0.5,0.4735714285714286,0.2196690202510356,21
0.44824697971343996,0.06092482103093996,0.013923716545104981,0.0017125381959562957,0.8,0.1,3,300,0.9,"{'colsample_bytree': 0.8, 'learning_rate': 0.1, 'max_depth': 3, 'n_estimators': 300, 'subsample': 0.9}",0.6666666666666666,0.6666666666666666,0.0,0.3333333333333333,0.6,0.6666666666666666,0.3333333333333333,0.0,0.75,0.5,0.45166666666666666,0.26230283600788185,38
0.1681121826171875,0.032826138254779556,0.011342573165893554,0.003139961762941515,0.8,0.1,4,100,0.8,"{'colsample_bytree': 0.8, 'learning_rate': 0.1, 'max_depth': 4, 'n_estimators': 100, 'subsample': 0.8}",0.6666666666666666,0.5,0.0,0.2857142857142857,0.6,0.6666666666666666,0.3333333333333333,0.0,0.5714285714285714,0.8,0.4423809523809523,0.2647931636223522,44
0.127655553817749,0.01206814469566461,0.009739160537719727,0.00132241102162907,0.8,0.1,4,100,0.9,"{'colsample_bytree': 0.8, 'learning_rate': 0.1, 'max_depth': 4, 'n_estimators': 100, 'subsample': 0.9}",0.6666666666666666,0.6666666666666666,0.0,0.2857142857142857,0.6,0.75,0.4,0.0,0.75,0.8,0.49190476190476184,0.28910527392358454,10
0.292195463180542,0.02038167262836098,0.009051179885864258,0.0009359067446741041,0.8,0.1,4,300,0.8,"{'colsample_bytree': 0.8, 'learning_rate': 0.1, 'max_depth': 4, 'n_estimators': 300, 'subsample': 0.8}",0.6666666666666666,0.6666666666666666,0.2857142857142857,0.2857142857142857,0.6,0.6,0.3333333333333333,0.0,0.75,0.5,0.46880952380952384,0.22314605306330745,26
0.39038159847259524,0.07575990807647053,0.011842441558837891,0.0025126580432126835,0.8,0.1,4,300,0.9,"{'colsample_bytree': 0.8, 'learning_rate': 0.1, 'max_depth': 4, 'n_estimators': 300, 'subsample': 0.9}",0.6666666666666666,0.6666666666666666,0.0,0.25,0.6,0.6666666666666666,0.3333333333333333,0.0,0.75,0.8,0.47333333333333333,0.2879236009777594,23
0.27030651569366454,0.17390513777335379,0.01636018753051758,0.011314300386640953,0.8,0.1,6,100,0.8,"{'colsample_bytree': 0.8, 'learning_rate': 0.1, 'max_depth': 6, 'n_estimators': 100, 'subsample': 0.8}",0.6666666666666666,0.5,0.0,0.2857142857142857,0.6,0.75,0.5,0.0,0.3333333333333333,0.8,0.4435714285714286,0.27057939429450284,43
0.46129891872406004,0.12187040754927768,0.031078553199768065,0.006431221520218588,0.8,0.1,6,100,0.9,"{'colsample_bytree': 0.8, 'learning_rate': 0.1, 'max_depth': 6, 'n_estimators': 100, 'subsample': 0.9}",0.6666666666666666,0.5,0.0,0.25,0.5454545454545454,0.6666666666666666,0.4,0.0,0.3333333333333333,0.8,0.4162121212121212,0.2603258271317101,68
0.8630778074264527,0.24480421291968774,0.029247450828552245,0.012985661565289524,0.8,0.1,6,300,0.8,"{'colsample_bytree': 0.8, 'learning_rate': 0.1, 'max_depth': 6, 'n_estimators': 300, 'subsample': 0.8}",0.6666666666666666,0.6666666666666666,0.0,0.2857142857142857,0.6,0.6,0.5714285714285714,0.0,0.5714285714285714,0.5,0.4461904761904762,0.24550424762294243,41
0.3860781669616699,0.018647963177688645,0.00988626480102539,0.0007969082854949671,0.8,0.1,6,300,0.9,"{'colsample_bytree': 0.8, 'learning_rate': 0.1, 'max_depth': 6, 'n_estimators': 300, 'subsample': 0.9}",0.6666666666666666,0.6666666666666666,0.0,0.25,0.6,0.6666666666666666,0.3333333333333333,0.0,0.75,0.8,0.47333333333333333,0.2879236009777594,23
0.10685043334960938,0.015381999733449092,0.00902092456817627,0.0008261088735844741,0.9,0.01,3,100,0.8,"{'colsample_bytree': 0.9, 'learning_rate': 0.01, 'max_depth': 3, 'n_estimators': 100, 'subsample': 0.8}",0.6666666666666666,0.4444444444444444,0.25,0.4444444444444444,0.36363636363636365,0.5714285714285714,0.3333333333333333,0.0,0.2857142857142857,1.0,0.43596681096681095,0.25550760293378877,48
0.11654922962188721,0.00430187109854776,0.009321069717407227,0.0008462731138415149,0.9,0.01,3,100,0.9,"{'colsample_bytree': 0.9, 'learning_rate': 0.01, 'max_depth': 3, 'n_estimators': 100, 'subsample': 0.9}",0.5454545454545454,0.6,0.2857142857142857,0.4,0.36363636363636365,0.75,0.3333333333333333,0.0,0.2857142857142857,1.0,0.45638528138528134,0.26528347718959766,36
0.3237858772277832,0.012714428707031574,0.009871768951416015,0.000531777777931229,0.9,0.01,3,300,0.8,"{'colsample_bytree': 0.9, 'learning_rate': 0.01, 'max_depth': 3, 'n_estimators': 300, 'subsample': 0.8}",0.8,0.5,0.2857142857142857,0.5,0.4,0.75,0.3333333333333333,0.0,0.2857142857142857,1.0,0.48547619047619045,0.2792857142857143,14
0.3287635326385498,0.017045865360806364,0.010064053535461425,0.0006157402401231962,0.9,0.01,3,300,0.9,"{'colsample_bytree': 0.9, 'learning_rate': 0.01, 'max_depth': 3, 'n_estimators': 300, 'subsample': 0.9}",0.6,0.5,0.2857142857142857,0.5,0.4444444444444444,0.5714285714285714,0.5,0.0,0.3333333333333333,1.0,0.4734920634920635,0.2418383548395584,22
0.14783613681793212,0.0023043993611747363,0.009158802032470704,0.0006607539125389495,0.9,0.01,4,100,0.8,"{'colsample_bytree': 0.9, 'learning_rate': 0.01, 'max_depth': 4, 'n_estimators': 100, 'subsample': 0.8}",0.6,0.4444444444444444,0.2857142857142857,0.4444444444444444,0.36363636363636365,0.5714285714285714,0.3333333333333333,0.0,0.3333333333333333,0.8,0.4176334776334777,0.20334733941700822,66
0.14472904205322265,0.004803287803281621,0.009955716133117676,0.0005003202157487417,0.9,0.01,4,100,0.9,"{'colsample_bytree': 0.9, 'learning_rate': 0.01, 'max_depth': 4, 'n_estimators': 100, 'subsample': 0.9}",0.6,0.4444444444444444,0.2857142857142857,0.4444444444444444,0.2,0.75,0.3333333333333333,0.0,0.5714285714285714,1.0,0.46293650793650787,0.27087524822467823,31
0.39827165603637693,0.026772203863988514,0.009658741950988769,0.0005080176072031153,0.9,0.01,4,300,0.8,"{'colsample_bytree': 0.9, 'learning_rate': 0.01, 'max_depth': 4, 'n_estimators': 300, 'subsample': 0.8}",0.6666666666666666,0.5,0.2857142857142857,0.5,0.4444444444444444,0.75,0.3333333333333333,0.0,0.3333333333333333,0.8,0.4613492063492063,0.22801300005372419,33
0.3986034870147705,0.011492183952967682,0.009924769401550293,0.0005124599049255122,0.9,0.01,4,300,0.9,"{'colsample_bytree': 0.9, 'learning_rate': 0.01, 'max_depth': 4, 'n_estimators': 300, 'subsample': 0.9}",0.6,0.5,0.2857142857142857,0.5,0.4444444444444444,0.75,0.5714285714285714,0.0,0.3333333333333333,1.0,0.4984920634920635,0.2558049778579396,6
0.18127195835113524,0.004227020817576738,0.009507536888122559,0.000396222775256703,0.9,0.01,6,100,0.8,"{'colsample_bytree': 0.9, 'learning_rate': 0.01, 'max_depth': 6, 'n_estimators': 100, 'subsample': 0.8}",0.6666666666666666,0.4444444444444444,0.2857142857142857,0.4444444444444444,0.36363636363636365,0.5714285714285714,0.3333333333333333,0.0,0.3333333333333333,0.8,0.4243001443001443,0.21019441971548528,61
0.18503870964050292,0.012729563068002492,0.009055447578430176,0.0007060222203854824,0.9,0.01,6,100,0.9,"{'colsample_bytree': 0.9, 'learning_rate': 0.01, 'max_depth': 6, 'n_estimators': 100, 'subsample': 0.9}",0.6,0.4444444444444444,0.2857142857142857,0.4444444444444444,0.2,0.75,0.3333333333333333,0.0,0.5714285714285714,1.0,0.46293650793650787,0.27087524822467823,31
0.44573373794555665,0.03806596088534491,0.009948515892028808,0.0008480599159652437,0.9,0.01,6,300,0.8,"{'colsample_bytree': 0.9, 'learning_rate': 0.01, 'max_depth': 6, 'n_estimators': 300, 'subsample': 0.8}",0.6666666666666666,0.5,0.0,0.2857142857142857,0.36363636363636365,0.75,0.3333333333333333,0.0,0.3333333333333333,1.0,0.4232683982683982,0.3002447926208904,63
0.44662487506866455,0.036348188197284505,0.010102152824401855,0.0004921833740841874,0.9,0.01,6,300,0.9,"{'colsample_bytree': 0.9, 'learning_rate': 0.01, 'max_depth': 6, 'n_estimators': 300, 'subsample': 0.9}",0.6666666666666666,0.5,0.0,0.4444444444444444,0.36363636363636365,0.75,0.3333333333333333,0.0,0.3333333333333333,1.0,0.43914141414141417,0.2967283470923641,46
0.10026969909667968,0.004768733740643435,0.009302282333374023,0.0008547708815764662,0.9,0.05,3,100,0.8,"{'colsample_bytree': 0.9, 'learning_rate': 0.05, 'max_depth': 3, 'n_estimators': 100, 'subsample': 0.8}",0.6666666666666666,0.5,0.25,0.2857142857142857,0.5454545454545454,0.75,0.2857142857142857,0.0,0.3333333333333333,0.8,0.4416883116883117,0.24092651909126103,45
0.10133149623870849,0.008619975679196673,0.009246277809143066,0.0005728725870455375,0.9,0.05,3,100,0.9,"{'colsample_bytree': 0.9, 'learning_rate': 0.05, 'max_depth': 3, 'n_estimators': 100, 'subsample': 0.9}",0.6666666666666666,0.6666666666666666,0.3333333333333333,0.2857142857142857,0.6,0.75,0.5,0.0,0.3333333333333333,0.8,0.4935714285714285,0.23856156713769455,8
0.3134171009063721,0.025334226139306977,0.009869694709777832,0.0002697208268399804,0.9,0.05,3,300,0.8,"{'colsample_bytree': 0.9, 'learning_rate': 0.05, 'max_depth': 3, 'n_estimators': 300, 'subsample': 0.8}",0.6666666666666666,0.6666666666666666,0.0,0.5,0.6,0.6,0.3333333333333333,0.0,0.3333333333333333,0.8,0.45,0.26383917660406525,40
0.31883504390716555,0.023451292206078885,0.009702968597412109,0.0007463929524156546,0.9,0.05,3,300,0.9,"{'colsample_bytree': 0.9, 'learning_rate': 0.05, 'max_depth': 3, 'n_estimators': 300, 'subsample': 0.9}",0.6666666666666666,0.6666666666666666,0.5,0.2857142857142857,0.6,0.75,0.3333333333333333,0.0,0.75,0.8,0.5352380952380952,0.24327648203642324,1
0.14377202987670898,0.0025963996202385594,0.009243130683898926,0.0007116722401296007,0.9,0.05,4,100,0.8,"{'colsample_bytree': 0.9, 'learning_rate': 0.05, 'max_depth': 4, 'n_estimators': 100, 'subsample': 0.8}",0.6666666666666666,0.6666666666666666,0.0,0.2857142857142857,0.6,0.75,0.5,0.0,0.3333333333333333,1.0,0.48023809523809524,0.30787113730944093,17
0.1408701181411743,0.009241111317560185,0.009366726875305176,0.00040676784391958844,0.9,0.05,4,100,0.9,"{'colsample_bytree': 0.9, 'learning_rate': 0.05, 'max_depth': 4, 'n_estimators': 100, 'subsample': 0.9}",0.6666666666666666,0.6666666666666666,0.2857142857142857,0.2857142857142857,0.6,0.75,0.2857142857142857,0.0,0.3333333333333333,1.0,0.48738095238095236,0.2814242405596987,12
0.3941214561462402,0.014674918354124617,0.009835314750671387,0.0006518039807804115,0.9,0.05,4,300,0.8,"{'colsample_bytree': 0.9, 'learning_rate': 0.05, 'max_depth': 4, 'n_estimators': 300, 'subsample': 0.8}",0.6666666666666666,0.6666666666666666,0.0,0.2857142857142857,0.6,0.6,0.3333333333333333,0.0,0.3333333333333333,0.8,0.42857142857142855,0.2675834580639813,59
0.38897998332977296,0.03422662582812961,0.009881949424743653,0.00035615422617747217,0.9,0.05,4,300,0.9,"{'colsample_bytree': 0.9, 'learning_rate': 0.05, 'max_depth': 4, 'n_estimators': 300, 'subsample': 0.9}",0.6666666666666666,0.6666666666666666,0.0,0.2857142857142857,0.6,0.6666666666666666,0.3333333333333333,0.0,0.75,0.8,0.4769047619047619,0.2853411253624848,19
0.1729947328567505,0.011894474181341399,0.009685349464416505,0.0006530419283351126,0.9,0.05,6,100,0.8,"{'colsample_bytree': 0.9, 'learning_rate': 0.05, 'max_depth': 6, 'n_estimators': 100, 'subsample': 0.8}",0.6666666666666666,0.6666666666666666,0.0,0.2857142857142857,0.5454545454545454,0.6666666666666666,0.3333333333333333,0.0,0.3333333333333333,0.8,0.4297835497835498,0.2697350316752191,57
0.18177342414855957,0.011106237922341586,0.009706759452819824,0.00044826847819759213,0.9,0.05,6,100,0.9,"{'colsample_bytree': 0.9, 'learning_rate': 0.05, 'max_depth': 6, 'n_estimators': 100, 'subsample': 0.9}",0.6666666666666666,0.6666666666666666,0.3333333333333333,0.25,0.5454545454545454,0.6666666666666666,0.3333333333333333,0.0,0.3333333333333333,0.8,0.4595454545454546,0.23555616737623475,34
0.4154989242553711,0.03492189396257149,0.009749054908752441,0.0004712172646768454,0.9,0.05,6,300,0.8,"{'colsample_bytree': 0.9, 'learning_rate': 0.05, 'max_depth': 6, 'n_estimators': 300, 'subsample': 0.8}",0.6666666666666666,0.6666666666666666,0.0,0.2857142857142857,0.6,0.6,0.3333333333333333,0.0,0.3333333333333333,0.5,0.3985714285714286,0.23961467556008367,69
0.37076482772827146,0.02522888098345119,0.009516572952270508,0.0005560153666787004,0.9,0.05,6,300,0.9,"{'colsample_bytree': 0.9, 'learning_rate': 0.05, 'max_depth': 6, 'n_estimators': 300, 'subsample': 0.9}",0.6666666666666666,0.6666666666666666,0.0,0.25,0.6,0.6666666666666666,0.3333333333333333,0.0,0.3333333333333333,0.8,0.43166666666666664,0.2747170261276946,56
0.09683740139007568,0.00477798304486288,0.009435677528381347,0.0006472421622105245,0.9,0.1,3,100,0.8,"{'colsample_bytree': 0.9, 'learning_rate': 0.1, 'max_depth': 3, 'n_estimators': 100, 'subsample': 0.8}",0.6666666666666666,0.5,0.0,0.2857142857142857,0.6,0.75,0.4,0.0,0.3333333333333333,0.8,0.43357142857142855,0.2701566900674655,51
0.09832575321197509,0.006479338679088962,0.009430289268493652,0.0010679569842942415,0.9,0.1,3,100,0.9,"{'colsample_bytree': 0.9, 'learning_rate': 0.1, 'max_depth': 3, 'n_estimators': 100, 'subsample': 0.9}",0.6666666666666666,0.6,0.0,0.5,0.6,0.75,0.5714285714285714,0.0,0.5714285714285714,0.5,0.47595238095238096,0.24793123635230732,20
0.2703559398651123,0.008764712330276187,0.009282565116882325,0.0005818232831336431,0.9,0.1,3,300,0.8,"{'colsample_bytree': 0.9, 'learning_rate': 0.1, 'max_depth': 3, 'n_estimators': 300, 'subsample': 0.8}",0.6666666666666666,0.6666666666666666,0.0,0.3333333333333333,0.6,0.6666666666666666,0.3333333333333333,0.0,0.75,0.5,0.45166666666666666,0.26230283600788185,38
0.30095181465148924,0.020923485824583535,0.009901905059814453,0.0005170968569712443,0.9,0.1,3,300,0.9,"{'colsample_bytree': 0.9, 'learning_rate': 0.1, 'max_depth': 3, 'n_estimators': 300, 'subsample': 0.9}",0.6666666666666666,0.6,0.0,0.2857142857142857,0.6,0.6,0.3333333333333333,0.0,0.75,0.5,0.43357142857142855,0.25492084494644335,51
0.14279096126556395,0.002817898579674219,0.009501338005065918,0.00046080763426658357,0.9,0.1,4,100,0.8,"{'colsample_bytree': 0.9, 'learning_rate': 0.1, 'max_depth': 4, 'n_estimators': 100, 'subsample': 0.8}",0.6666666666666666,0.6666666666666666,0.0,0.2857142857142857,0.6,0.6666666666666666,0.5,0.0,0.5714285714285714,0.5,0.44571428571428573,0.24796861772036727,42
0.1401771068572998,0.0038370587669359552,0.009556841850280762,0.0003684875269861364,0.9,0.1,4,100,0.9,"{'colsample_bytree': 0.9, 'learning_rate': 0.1, 'max_depth': 4, 'n_estimators': 100, 'subsample': 0.9}",0.6666666666666666,0.6,0.3333333333333333,0.2857142857142857,0.6,0.75,0.2857142857142857,0.0,0.5714285714285714,0.8,0.4892857142857142,0.23955090729990694,11
0.34537856578826903,0.019086622917245204,0.00926828384399414,0.00041327777996572203,0.9,0.1,4,300,0.8,"{'colsample_bytree': 0.9, 'learning_rate': 0.1, 'max_depth': 4, 'n_estimators': 300, 'subsample': 0.8}",0.75,0.6666666666666666,0.0,0.2857142857142857,0.6,0.6666666666666666,0.3333333333333333,0.0,0.5714285714285714,0.5,0.4373809523809523,0.25838774937086956,47
0.3654905080795288,0.015248034340192528,0.009740614891052246,0.0005026172456763688,0.9,0.1,4,300,0.9,"{'colsample_bytree': 0.9, 'learning_rate': 0.1, 'max_depth': 4, 'n_estimators': 300, 'subsample': 0.9}",0.6666666666666666,0.6,0.0,0.2857142857142857,0.6,0.6,0.3333333333333333,0.0,0.75,0.5,0.43357142857142855,0.25492084494644335,51
0.16485724449157715,0.005694830267996658,0.009448695182800292,0.0007965679622444945,0.9,0.1,6,100,0.8,"{'colsample_bytree': 0.9, 'learning_rate': 0.1, 'max_depth': 6, 'n_estimators': 100, 'subsample': 0.8}",0.6666666666666666,0.6666666666666666,0.0,0.2857142857142857,0.6,0.6666666666666666,0.5714285714285714,0.0,0.3333333333333333,0.5,0.4290476190476191,0.24935699622153343,58
0.17099342346191407,0.00427559964179993,0.009333586692810059,0.0004449056330200597,0.9,0.1,6,100,0.9,"{'colsample_bytree': 0.9, 'learning_rate': 0.1, 'max_depth': 6, 'n_estimators': 100, 'subsample': 0.9}",0.6666666666666666,0.6666666666666666,0.0,0.25,0.6,0.75,0.2857142857142857,0.0,0.5,0.8,0.4519047619047619,0.2834329556752563,37
0.3803096294403076,0.01273235236190746,0.009630894660949707,0.0007313675532204505,0.9,0.1,6,300,0.8,"{'colsample_bytree': 0.9, 'learning_rate': 0.1, 'max_depth': 6, 'n_estimators': 300, 'subsample': 0.8}",0.6666666666666666,0.6666666666666666,0.0,0.2857142857142857,0.6,0.6,0.3333333333333333,0.0,0.5714285714285714,0.5,0.4223809523809524,0.24374301548223262,64
0.4057741641998291,0.035036714004574615,0.010385084152221679,0.0013054042078329234,0.9,0.1,6,300,0.9,"{'colsample_bytree': 0.9, 'learning_rate': 0.1, 'max_depth': 6, 'n_estimators': 300, 'subsample': 0.9}",0.6666666666666666,0.6666666666666666,0.2857142857142857,0.25,0.6,0.6666666666666666,0.3333333333333333,0.0,0.75,0.5,0.47190476190476194,0.23111383654419496,25
